blocked,funny,memes,|,follow,lifestyle
not blocked
not blocked
not blocked
blocked,memes,business
blocked,ad,fan,france
not blocked
blocked,|,creator
blocked,|,creator
blocked,|
not blocked
not blocked
not blocked
not blocked
not blocked
not blocked
not blocked
not blocked
blocked,clips,follow,dm,promo
blocked,clips,follow,dm,promo
not blocked
not blocked
not blocked
not blocked
blocked,funny,memes,|,follow,lifestyle
not blocked
not blocked
not blocked
not blocked
blocked,funny,memes,|,follow,lifestyle
blocked,post
not blocked
blocked,tik,tok
not blocked
blocked,|
blocked,|
not blocked
not blocked
not blocked
blocked,dm
blocked,dm
blocked,dm
not blocked
blocked,memes
not blocked
not blocked
not blocked
not blocked
not blocked
not blocked
not blocked
not blocked
blocked,|
blocked,|
not blocked
not blocked
not blocked
blocked,memes,dm,ad,tips
blocked,memes,dm,ad,tips
blocked,|,creator
not blocked
not blocked
blocked,funny,memes,|,follow,lifestyle
blocked,funny,memes,|,follow,lifestyle
not blocked
blocked,|,ad
not blocked
not blocked
blocked,clips
not blocked
blocked,funny,memes,|,follow,lifestyle
not blocked
not blocked
not blocked
not blocked
not blocked
not blocked
blocked,collab,dm
blocked,promo
not blocked
blocked,fan
not blocked
not blocked
not blocked
not blocked
not blocked
not blocked
blocked,dm
not blocked
not blocked
blocked,dm
not blocked
not blocked
not blocked
not blocked
not blocked
not blocked
not blocked
not blocked
blocked,|
not blocked
not blocked
not blocked
not blocked
blocked,|
not blocked
not blocked
blocked,|,tik
not blocked
not blocked
not blocked
not blocked
not blocked
not blocked
not blocked
blocked,dm
not blocked
blocked,funny,memes,|,follow,lifestyle
blocked,backup,creator,4k
not blocked
not blocked
not blocked
not blocked
not blocked
blocked,üìç
not blocked
not blocked
not blocked
blocked,daily,|,content
not blocked
not blocked
not blocked
blocked,|,remov,dm
blocked,|,remov,dm
blocked,|
blocked,daily,|,content
blocked,daily,|,content
not blocked
not blocked
not blocked
not blocked
not blocked
not blocked
not blocked
blocked,|
not blocked
not blocked
blocked,daily,|,dose,dm,enquiries,business
blocked,daily,|,dose,dm,enquiries,business
blocked,daily,|,dose,dm,enquiries,business
blocked,daily,|,dose,dm,enquiries,business
blocked,daily,|,dose,dm,enquiries,business
not blocked
not blocked
blocked,dm
not blocked
not blocked
not blocked
not blocked
blocked,|
not blocked
not blocked
not blocked
not blocked
blocked,fan
not blocked
not blocked
not blocked
not blocked
not blocked
not blocked
not blocked
not blocked
blocked,follow,business
blocked,|
blocked,|,remov,dm
not blocked
blocked,funny,memes,|,follow,lifestyle
blocked,funny,memes,|,follow,lifestyle
blocked,|
not blocked
not blocked
not blocked
not blocked
not blocked
blocked,|
blocked,|
not blocked
not blocked
blocked,france
blocked,france
not blocked
blocked,funny,memes,|,follow,lifestyle
blocked,funny,memes,|,follow,lifestyle
blocked,|
blocked,follow,remov,dm,inquiries,content,fan
blocked,follow,remov,dm,inquiries,content,fan
not blocked
blocked,|
not blocked
blocked,post
not blocked
not blocked
blocked,memes,4k
not blocked
not blocked
not blocked
blocked,üìç
blocked,ad
not blocked
blocked,|,remov,dm
not blocked
not blocked
not blocked
blocked,influencer
not blocked
not blocked
blocked,funny,memes,|,follow,lifestyle
blocked,funny,memes,|,follow,lifestyle
blocked,funny,memes,|,follow,lifestyle
not blocked
not blocked
blocked,|
blocked,dm
blocked,post,|
blocked,üìç
not blocked
not blocked
not blocked
not blocked
not blocked
blocked,post
not blocked
blocked,backup,fan
blocked,post
blocked,post
not blocked
blocked,content
not blocked
blocked,funny,admin
blocked,funny,admin
not blocked
blocked,|
blocked,|
blocked,|,remov,dm
not blocked
not blocked
blocked,remov,dm
blocked,fan
blocked,influencer
blocked,|
blocked,|
blocked,post
not blocked
not blocked
blocked,|
not blocked
blocked,|,follow,fan
not blocked
blocked,|
not blocked
not blocked
not blocked
not blocked
not blocked
blocked,|
blocked,|
blocked,post,|
not blocked
not blocked
not blocked
not blocked
not blocked
blocked,|
not blocked
not blocked
not blocked
not blocked
not blocked
not blocked
not blocked
not blocked
not blocked
blocked,post,follow,dm,business
blocked,post,follow,dm,business
not blocked
not blocked
not blocked
not blocked
not blocked
not blocked
not blocked
not blocked
not blocked
not blocked
